{
  "artifact_version": "hill_climb.v2",
  "created_at": "2026-03-28T14:55:13+00:00",
  "delta_vs_incumbent": null,
  "description": null,
  "eval_id": "smoke_0001",
  "incumbent_before": null,
  "label": "freeze-check",
  "mean_edge": 417.8408626958254,
  "run_id": "tmp-freeze-check",
  "scorecard": {
    "by_slice": {
      "mean_edge_deciles": {
        "d01": {
          "arb_edge": -30.016836610691517,
          "arb_flow_share": 0.16107754992784035,
          "arb_loss_share": 0.081223246731799,
          "arb_loss_to_retail_gain": 0.0884036807014087,
          "arb_to_retail_volume_ratio": 0.19200529192416452,
          "arb_trade_count": 573.0,
          "edge_stddev": 0.0,
          "max_edge": 309.5260011143129,
          "max_fee_jump": 0.023272283259806577,
          "mean_edge": 309.5260011143129,
          "min_edge": 309.5260011143129,
          "retail_edge": 339.5428377250044,
          "retail_flow_share": 0.8389224500721597,
          "retail_gain_share": 0.918776753268201,
          "retail_trade_count": 2351.0,
          "retail_volume_share": 0.2128374279079039,
          "simulation_count": 1,
          "time_weighted_ask_fee": 0.009250252869625332,
          "time_weighted_bid_fee": 0.009262477611277
        },
        "d02": {
          "arb_edge": -60.97100587594261,
          "arb_flow_share": 0.17723088273903795,
          "arb_loss_share": 0.1302805266717453,
          "arb_loss_to_retail_gain": 0.1497960327060241,
          "arb_to_retail_volume_ratio": 0.21540779669641477,
          "arb_trade_count": 498.0,
          "edge_stddev": 0.0,
          "max_edge": 346.0558343848985,
          "max_fee_jump": 0.04402514649501446,
          "mean_edge": 346.0558343848985,
          "min_edge": 346.0558343848985,
          "retail_edge": 407.0268402608412,
          "retail_flow_share": 0.822769117260962,
          "retail_gain_share": 0.8697194733282547,
          "retail_trade_count": 2027.0,
          "retail_volume_share": 0.21406015712824325,
          "simulation_count": 1,
          "time_weighted_ask_fee": 0.009874451184514738,
          "time_weighted_bid_fee": 0.009966632917752563
        },
        "d03": {
          "arb_edge": -34.64860195670194,
          "arb_flow_share": 0.17062143133398172,
          "arb_loss_share": 0.08139769027341627,
          "arb_loss_to_retail_gain": 0.0886103697013823,
          "arb_to_retail_volume_ratio": 0.205722016193897,
          "arb_trade_count": 533.0,
          "edge_stddev": 0.0,
          "max_edge": 356.373375194144,
          "max_fee_jump": 0.01516521438059457,
          "mean_edge": 356.373375194144,
          "min_edge": 356.373375194144,
          "retail_edge": 391.02197715084617,
          "retail_flow_share": 0.8293785686660182,
          "retail_gain_share": 0.9186023097265837,
          "retail_trade_count": 2168.0,
          "retail_volume_share": 0.21505601607527464,
          "simulation_count": 1,
          "time_weighted_ask_fee": 0.009521538528842877,
          "time_weighted_bid_fee": 0.009484824012000926
        },
        "d04": {
          "arb_edge": -45.246376740171854,
          "arb_flow_share": 0.1816783295211536,
          "arb_loss_share": 0.09869105646536792,
          "arb_loss_to_retail_gain": 0.10949747827679888,
          "arb_to_retail_volume_ratio": 0.22201334276635165,
          "arb_trade_count": 588.0,
          "edge_stddev": 0.0,
          "max_edge": 367.97205944877373,
          "max_fee_jump": 0.020131154001559612,
          "mean_edge": 367.97205944877373,
          "min_edge": 367.97205944877373,
          "retail_edge": 413.2184361889454,
          "retail_flow_share": 0.8183216704788464,
          "retail_gain_share": 0.9013089435346321,
          "retail_trade_count": 2128.0,
          "retail_volume_share": 0.22042304314163932,
          "simulation_count": 1,
          "time_weighted_ask_fee": 0.009690174881916152,
          "time_weighted_bid_fee": 0.009591740611572459
        },
        "d05": {
          "arb_edge": null,
          "arb_flow_share": null,
          "arb_loss_share": null,
          "arb_loss_to_retail_gain": null,
          "arb_to_retail_volume_ratio": null,
          "arb_trade_count": null,
          "edge_stddev": null,
          "max_edge": null,
          "max_fee_jump": null,
          "mean_edge": null,
          "min_edge": null,
          "retail_edge": null,
          "retail_flow_share": null,
          "retail_gain_share": null,
          "retail_trade_count": null,
          "retail_volume_share": null,
          "simulation_count": 0,
          "time_weighted_ask_fee": null,
          "time_weighted_bid_fee": null
        },
        "d06": {
          "arb_edge": -42.811648836798554,
          "arb_flow_share": 0.17207732006233406,
          "arb_loss_share": 0.08829896633709197,
          "arb_loss_to_retail_gain": 0.09685079107822926,
          "arb_to_retail_volume_ratio": 0.20784225898400285,
          "arb_trade_count": 624.0,
          "edge_stddev": 0.0,
          "max_edge": 399.22551327804916,
          "max_fee_jump": 0.02244803007967489,
          "mean_edge": 399.22551327804916,
          "min_edge": 399.22551327804916,
          "retail_edge": 442.0371621148485,
          "retail_flow_share": 0.8279226799376659,
          "retail_gain_share": 0.911701033662908,
          "retail_trade_count": 2470.0,
          "retail_volume_share": 0.21825222332193925,
          "simulation_count": 1,
          "time_weighted_ask_fee": 0.00948653453523595,
          "time_weighted_bid_fee": 0.009484891673829085
        },
        "d07": {
          "arb_edge": -46.970222539922915,
          "arb_flow_share": 0.16808160645323994,
          "arb_loss_share": 0.08422191048891126,
          "arb_loss_to_retail_gain": 0.09196759723076062,
          "arb_to_retail_volume_ratio": 0.20204097872707089,
          "arb_trade_count": 651.0,
          "edge_stddev": 0.0,
          "max_edge": 463.7555543015401,
          "max_fee_jump": 0.022206803590782705,
          "mean_edge": 463.7555543015401,
          "min_edge": 463.7555543015401,
          "retail_edge": 510.7257768414621,
          "retail_flow_share": 0.8319183935467601,
          "retail_gain_share": 0.9157780895110887,
          "retail_trade_count": 2987.0,
          "retail_volume_share": 0.21521305133492682,
          "simulation_count": 1,
          "time_weighted_ask_fee": 0.009603526309296402,
          "time_weighted_bid_fee": 0.00951123607490599
        },
        "d08": {
          "arb_edge": -80.98702585587337,
          "arb_flow_share": 0.18284362329352435,
          "arb_loss_share": 0.11687498281996801,
          "arb_loss_to_retail_gain": 0.13234251158818902,
          "arb_to_retail_volume_ratio": 0.22375597683086085,
          "arb_trade_count": 693.0,
          "edge_stddev": 0.0,
          "max_edge": 530.9631697689543,
          "max_fee_jump": 0.032154152476687806,
          "mean_edge": 530.9631697689543,
          "min_edge": 530.9631697689543,
          "retail_edge": 611.9501956248282,
          "retail_flow_share": 0.8171563767064757,
          "retail_gain_share": 0.8831250171800319,
          "retail_trade_count": 2966.0,
          "retail_volume_share": 0.22210002243605964,
          "simulation_count": 1,
          "time_weighted_ask_fee": 0.009764213027470712,
          "time_weighted_bid_fee": 0.009701284798638368
        },
        "d09": {
          "arb_edge": -103.96097345506507,
          "arb_flow_share": 0.18891322554950135,
          "arb_loss_share": 0.1338362590792037,
          "arb_loss_to_retail_gain": 0.15451611832299267,
          "arb_to_retail_volume_ratio": 0.2329137047974771,
          "arb_trade_count": 672.0,
          "edge_stddev": 0.0,
          "max_edge": 568.8553940759307,
          "max_fee_jump": 0.03661155817917256,
          "mean_edge": 568.8553940759307,
          "min_edge": 568.8553940759307,
          "retail_edge": 672.8163675309933,