{
  "artifact_version": "hill_climb.v2",
  "created_at": "2026-03-27T02:32:59+00:00",
  "delta_vs_incumbent": null,
  "description": null,
  "eval_id": "smoke_0001",
  "incumbent_before": null,
  "label": "smoke",
  "mean_edge": 402.09194922630826,
  "run_id": "smokecheck",
  "scorecard": {
    "by_slice": {
      "mean_edge_deciles": {
        "d01": {
          "arb_edge": -59.889338516257695,
          "arb_flow_share": 0.2094100974034975,
          "arb_loss_share": 0.14001807393527033,
          "arb_loss_to_retail_gain": 0.16281513563429395,
          "arb_to_retail_volume_ratio": 0.26487828482977127,
          "arb_trade_count": 798.0,
          "edge_stddev": 0.0,
          "max_edge": 307.9470931701524,
          "max_fee_jump": 0.0,
          "mean_edge": 307.9470931701524,
          "min_edge": 307.9470931701524,
          "retail_edge": 367.8364316864109,
          "retail_flow_share": 0.7905899025965025,
          "retail_gain_share": 0.8599819260647297,
          "retail_trade_count": 2952.0,
          "retail_volume_share": 0.25274460140491223,
          "simulation_count": 1,
          "time_weighted_ask_fee": 0.007499999999999223,
          "time_weighted_bid_fee": 0.007499999999999223
        },
        "d02": {
          "arb_edge": -115.20115551956971,
          "arb_flow_share": 0.22703421120921183,
          "arb_loss_share": 0.20644574912372796,
          "arb_loss_to_retail_gain": 0.26015328995561793,
          "arb_to_retail_volume_ratio": 0.29371831781116664,
          "arb_trade_count": 769.0,
          "edge_stddev": 0.0,
          "max_edge": 327.61913531443525,
          "max_fee_jump": 0.0,
          "mean_edge": 327.61913531443525,
          "min_edge": 327.61913531443525,
          "retail_edge": 442.820290834004,
          "retail_flow_share": 0.7729657887907883,
          "retail_gain_share": 0.793554250876272,
          "retail_trade_count": 2753.0,
          "retail_volume_share": 0.2604728864423076,
          "simulation_count": 1,
          "time_weighted_ask_fee": 0.007499999999999223,
          "time_weighted_bid_fee": 0.007499999999999223
        },
        "d03": {
          "arb_edge": -73.68240764735654,
          "arb_flow_share": 0.21811849247768128,
          "arb_loss_share": 0.1480830776346503,
          "arb_loss_to_retail_gain": 0.17382337848565946,
          "arb_to_retail_volume_ratio": 0.27896617374782345,
          "arb_trade_count": 812.0,
          "edge_stddev": 0.0,
          "max_edge": 350.20998409691816,
          "max_fee_jump": 0.0,
          "mean_edge": 350.20998409691816,
          "min_edge": 350.20998409691816,
          "retail_edge": 423.892391744275,
          "retail_flow_share": 0.7818815075223188,
          "retail_gain_share": 0.8519169223653497,
          "retail_trade_count": 2892.0,
          "retail_volume_share": 0.2595476840730773,
          "simulation_count": 1,
          "time_weighted_ask_fee": 0.007499999999999223,
          "time_weighted_bid_fee": 0.007499999999999223
        },
        "d04": {
          "arb_edge": -90.25838742587365,
          "arb_flow_share": 0.23293667077481933,
          "arb_loss_share": 0.167726634493965,
          "arb_loss_to_retail_gain": 0.2015282976068622,
          "arb_to_retail_volume_ratio": 0.30367332383117734,
          "arb_trade_count": 841.0,
          "edge_stddev": 0.0,
          "max_edge": 357.61115991654526,
          "max_fee_jump": 0.0,
          "mean_edge": 357.61115991654526,
          "min_edge": 357.61115991654526,
          "retail_edge": 447.8695473424189,
          "retail_flow_share": 0.7670633292251807,
          "retail_gain_share": 0.832273365506035,
          "retail_trade_count": 2829.0,
          "retail_volume_share": 0.2663540018032018,
          "simulation_count": 1,
          "time_weighted_ask_fee": 0.007499999999999223,
          "time_weighted_bid_fee": 0.007499999999999223
        },
        "d05": {
          "arb_edge": null,
          "arb_flow_share": null,
          "arb_loss_share": null,
          "arb_loss_to_retail_gain": null,
          "arb_to_retail_volume_ratio": null,
          "arb_trade_count": null,
          "edge_stddev": null,
          "max_edge": null,
          "max_fee_jump": null,
          "mean_edge": null,
          "min_edge": null,
          "retail_edge": null,
          "retail_flow_share": null,
          "retail_gain_share": null,
          "retail_trade_count": null,
          "retail_volume_share": null,
          "simulation_count": 0,
          "time_weighted_ask_fee": null,
          "time_weighted_bid_fee": null
        },
        "d06": {
          "arb_edge": -87.70888739742739,
          "arb_flow_share": 0.22496617101284444,
          "arb_loss_share": 0.1551449605031674,
          "arb_loss_to_retail_gain": 0.18363500630305354,
          "arb_to_retail_volume_ratio": 0.290266260128076,
          "arb_trade_count": 919.0,
          "edge_stddev": 0.0,
          "max_edge": 389.9172970822415,
          "max_fee_jump": 0.0,
          "mean_edge": 389.9172970822415,
          "min_edge": 389.9172970822415,
          "retail_edge": 477.6261844796688,
          "retail_flow_share": 0.7750338289871556,
          "retail_gain_share": 0.8448550394968326,
          "retail_trade_count": 3222.0,
          "retail_volume_share": 0.26057269961755836,
          "simulation_count": 1,
          "time_weighted_ask_fee": 0.007499999999999223,
          "time_weighted_bid_fee": 0.007499999999999223
        },
        "d07": {
          "arb_edge": -98.41520491053713,
          "arb_flow_share": 0.21496958867673696,
          "arb_loss_share": 0.15058740247908464,
          "arb_loss_to_retail_gain": 0.17728416427845203,
          "arb_to_retail_volume_ratio": 0.27383600122494606,
          "arb_trade_count": 926.0,
          "edge_stddev": 0.0,
          "max_edge": 456.71167464516185,
          "max_fee_jump": 0.0,
          "mean_edge": 456.71167464516185,
          "min_edge": 456.71167464516185,
          "retail_edge": 555.1268795556997,
          "retail_flow_share": 0.785030411323263,
          "retail_gain_share": 0.8494125975209154,
          "retail_trade_count": 3964.0,
          "retail_volume_share": 0.2606936347516483,
          "simulation_count": 1,
          "time_weighted_ask_fee": 0.007499999999999223,
          "time_weighted_bid_fee": 0.007499999999999223
        },
        "d08": {
          "arb_edge": -153.4021127160181,
          "arb_flow_share": 0.23378068989712208,
          "arb_loss_share": 0.18897183171877743,
          "arb_loss_to_retail_gain": 0.23300279707825364,
          "arb_to_retail_volume_ratio": 0.30510936857716764,
          "arb_trade_count": 972.0,
          "edge_stddev": 0.0,
          "max_edge": 504.96814995725873,
          "max_fee_jump": 0.0,
          "mean_edge": 504.96814995725873,
          "min_edge": 504.96814995725873,
          "retail_edge": 658.370262673277,
          "retail_flow_share": 0.7662193101028779,
          "retail_gain_share": 0.8110281682812226,
          "retail_trade_count": 3977.0,
          "retail_volume_share": 0.26774018264875304,
          "simulation_count": 1,
          "time_weighted_ask_fee": 0.007499999999999223,
          "time_weighted_bid_fee": 0.007499999999999223
        },
        "d09": {
          "arb_edge": -198.3579101021253,
          "arb_flow_share": 0.24131405394821134,
          "arb_loss_share": 0.21596630844190573,
          "arb_loss_to_retail_gain": 0.2754553927557887,
          "arb_to_retail_volume_ratio": 0.3180684382042566,
          "arb_trade_count": 913.0,
          "edge_stddev": 0.0,
          "max_edge": 521.7510996277529,
          "max_fee_jump": 0.0,
          "mean_edge": 521.7510996277529,
          "min_edge": 521.7510996277529,
          "retail_edge": 720.1090097298769,
          "retail_flow_share": 0.7586859460517886,
          "retail_gain_share": 0.7840336915580942,
          "retail_trade_count": 3821.0,