{
  "artifact_version": "hill_climb.v2",
  "created_at": "2026-03-28T15:59:10+00:00",
  "delta_vs_incumbent": null,
  "description": "Screen baseline for current LatentStateEWMA incumbent",
  "eval_id": "screen_0005",
  "incumbent_before": null,
  "label": "baseline-current-screen",
  "mean_edge": 406.38868239380525,
  "run_id": "mar28-loop",
  "scorecard": {
    "by_slice": {
      "mean_edge_deciles": {
        "d01": {
          "arb_edge": -36.033785057502364,
          "arb_flow_share": 0.16854844593344234,
          "arb_loss_share": 0.0941432302155647,
          "arb_loss_to_retail_gain": 0.10392728006875496,
          "arb_to_retail_volume_ratio": 0.20271589500204368,
          "arb_trade_count": 566.5,
          "edge_stddev": 17.057171802303074,
          "max_edge": 325.3847902796257,
          "max_fee_jump": 0.022978470180845593,
          "mean_edge": 310.6873552789285,
          "min_edge": 283.24551068413695,
          "retail_edge": 346.72114033643106,
          "retail_flow_share": 0.8314515540665577,
          "retail_gain_share": 0.9058567697844353,
          "retail_trade_count": 2105.0,
          "retail_volume_share": 0.21547139691267322,
          "simulation_count": 4,
          "time_weighted_ask_fee": 0.009451532014924909,
          "time_weighted_bid_fee": 0.009435031663908569
        },
        "d02": {
          "arb_edge": -48.36250150938471,
          "arb_flow_share": 0.17431428868876428,
          "arb_loss_share": 0.11135408869721887,
          "arb_loss_to_retail_gain": 0.12530760259051943,
          "arb_to_retail_volume_ratio": 0.21111457580141882,
          "arb_trade_count": 530.3333333333334,
          "edge_stddev": 6.09793158713649,
          "max_edge": 346.0558343848985,
          "max_fee_jump": 0.03075590083989967,
          "mean_edge": 337.58775617309504,
          "min_edge": 331.9409562908479,
          "retail_edge": 385.9502576824795,
          "retail_flow_share": 0.8256857113112357,
          "retail_gain_share": 0.8886459113027811,
          "retail_trade_count": 2139.0,
          "retail_volume_share": 0.21151230046094724,
          "simulation_count": 3,
          "time_weighted_ask_fee": 0.009588858627139362,
          "time_weighted_bid_fee": 0.009613180995008195
        },
        "d03": {
          "arb_edge": -41.00809875738764,
          "arb_flow_share": 0.1686266894527217,
          "arb_loss_share": 0.0931044182618625,
          "arb_loss_to_retail_gain": 0.10266277632913426,
          "arb_to_retail_volume_ratio": 0.20282908690166843,
          "arb_trade_count": 576.0,
          "edge_stddev": 5.2174313694867855,
          "max_edge": 365.6032971005908,
          "max_fee_jump": 0.025737350349967363,
          "mean_edge": 358.43657070992475,
          "min_edge": 353.3330398350395,
          "retail_edge": 399.4446694673123,
          "retail_flow_share": 0.8313733105472784,
          "retail_gain_share": 0.9068955817381374,
          "retail_trade_count": 2348.3333333333335,
          "retail_volume_share": 0.21556288086144104,
          "simulation_count": 3,
          "time_weighted_ask_fee": 0.009393416633719537,
          "time_weighted_bid_fee": 0.009381377041284653
        },
        "d04": {
          "arb_edge": -76.82327205374087,
          "arb_flow_share": 0.1851066583761196,
          "arb_loss_share": 0.14637904160092874,
          "arb_loss_to_retail_gain": 0.17148014017305319,
          "arb_to_retail_volume_ratio": 0.22715446172041107,
          "arb_trade_count": 588.6666666666666,
          "edge_stddev": 2.511471632269244,
          "max_edge": 374.1049535969632,
          "max_fee_jump": 0.042695798389272045,
          "mean_edge": 371.17771497725204,
          "min_edge": 367.97205944877373,
          "retail_edge": 448.00098703099303,
          "retail_flow_share": 0.8148933416238804,
          "retail_gain_share": 0.8536209583990714,
          "retail_trade_count": 2105.3333333333335,
          "retail_volume_share": 0.21536327159756977,
          "simulation_count": 3,
          "time_weighted_ask_fee": 0.010098435417400495,
          "time_weighted_bid_fee": 0.010226513505134883
        },
        "d05": {
          "arb_edge": -52.64887412191788,
          "arb_flow_share": 0.18105471823139394,
          "arb_loss_share": 0.10851330048243656,
          "arb_loss_to_retail_gain": 0.12172172679767355,
          "arb_to_retail_volume_ratio": 0.22108280279774678,
          "arb_trade_count": 592.3333333333334,
          "edge_stddev": 2.9564090766381255,
          "max_edge": 384.06018184117573,
          "max_fee_jump": 0.027728541158994563,
          "mean_edge": 379.8858549444147,
          "min_edge": 377.59429442688804,
          "retail_edge": 432.53472906633255,
          "retail_flow_share": 0.8189452817686061,
          "retail_gain_share": 0.8914866995175635,
          "retail_trade_count": 2264.0,
          "retail_volume_share": 0.22228809563581436,
          "simulation_count": 3,
          "time_weighted_ask_fee": 0.00954502187318267,
          "time_weighted_bid_fee": 0.00955035838683141
        },
        "d06": {
          "arb_edge": -58.96996961910433,
          "arb_flow_share": 0.17936871196133905,
          "arb_loss_share": 0.11313514622577252,
          "arb_loss_to_retail_gain": 0.12756751577684436,
          "arb_to_retail_volume_ratio": 0.21857405947808412,
          "arb_trade_count": 627.0,
          "edge_stddev": 7.272263196714327,
          "max_edge": 411.69550314212563,
          "max_fee_jump": 0.02837238376273615,
          "mean_edge": 403.2948104073507,
          "min_edge": 393.54518431800216,
          "retail_edge": 462.2647800264554,
          "retail_flow_share": 0.8206312880386609,
          "retail_gain_share": 0.8868648537742274,
          "retail_trade_count": 2454.25,
          "retail_volume_share": 0.2183180678347795,
          "simulation_count": 4,
          "time_weighted_ask_fee": 0.009649628490542433,
          "time_weighted_bid_fee": 0.009628318844375452
        },
        "d07": {
          "arb_edge": -39.02867126971396,
          "arb_flow_share": 0.15916576130689986,
          "arb_loss_share": 0.07679261878696755,
          "arb_loss_to_retail_gain": 0.08318024785077781,
          "arb_to_retail_volume_ratio": 0.1892950524401689,
          "arb_trade_count": 602.3333333333334,
          "edge_stddev": 10.94567655051853,
          "max_edge": 438.98080310847666,
          "max_fee_jump": 0.017907941178206706,
          "mean_edge": 430.1773274877062,
          "min_edge": 414.7489915859452,
          "retail_edge": 469.2059987574202,
          "retail_flow_share": 0.8408342386931,
          "retail_gain_share": 0.9232073812130324,
          "retail_trade_count": 2667.6666666666665,
          "retail_volume_share": 0.21547008197192266,
          "simulation_count": 3,
          "time_weighted_ask_fee": 0.00945692212432984,
          "time_weighted_bid_fee": 0.00949018640768883
        },
        "d08": {
          "arb_edge": -86.24502766480617,
          "arb_flow_share": 0.17388546731987656,
          "arb_loss_share": 0.13599806641496423,
          "arb_loss_to_retail_gain": 0.1574048171983393,
          "arb_to_retail_volume_ratio": 0.2104859077539144,
          "arb_trade_count": 568.3333333333334,
          "edge_stddev": 1.8973677165387515,
          "max_edge": 463.7555543015401,
          "max_fee_jump": 0.04766796679156222,
          "mean_edge": 461.67357609769715,
          "min_edge": 459.16662947705714,
          "retail_edge": 547.9186037625036,
          "retail_flow_share": 0.8261145326801234,
          "retail_gain_share": 0.8640019335850357,
          "retail_trade_count": 2750.0,
          "retail_volume_share": 0.21502486438609658,
          "simulation_count": 3,
          "time_weighted_ask_fee": 0.009711103570330401,
          "time_weighted_bid_fee": 0.00968408321125091
        },
        "d09": {
          "arb_edge": -73.37418799665691,