{
  "artifact_version": "hill_climb.v2",
  "created_at": "2026-04-02T04:36:50+00:00",
  "delta_vs_incumbent": null,
  "description": "Fresh seed of the live LatentStateIncumbentGapAwareV4 baseline.",
  "eval_id": "screen_0001",
  "incumbent_before": null,
  "label": "baseline",
  "mean_edge": 428.2500988769002,
  "run_id": "apr01-screen420-2134",
  "scorecard": {
    "by_slice": {
      "mean_edge_deciles": {
        "d01": {
          "arb_edge": -27.679234795406245,
          "arb_flow_share": 0.18181525231224074,
          "arb_loss_share": 0.07264730255439049,
          "arb_loss_to_retail_gain": 0.07833837412076039,
          "arb_to_retail_volume_ratio": 0.2222178460623495,
          "arb_trade_count": 715.25,
          "benchmark_mean_edge": 453.2229293910035,
          "edge_stddev": 15.397591885807305,
          "max_edge": 340.94223357546093,
          "max_fee_jump": 0.0394222281055449,
          "mean_edge": 325.6499618603488,
          "mean_edge_delta": -127.5729675306547,
          "min_edge": 302.4421228786325,
          "retail_edge": 353.32919665575486,
          "retail_flow_share": 0.8181847476877593,
          "retail_gain_share": 0.9273526974456096,
          "retail_trade_count": 2261.75,
          "retail_volume_share": 0.2328409131706721,
          "simulation_count": 4,
          "time_weighted_ask_fee": 0.00878015293087679,
          "time_weighted_bid_fee": 0.008750077063339575
        },
        "d02": {
          "arb_edge": -31.91250134201171,
          "arb_flow_share": 0.18473527679431012,
          "arb_loss_share": 0.07565806247803669,
          "arb_loss_to_retail_gain": 0.08185073013225581,
          "arb_to_retail_volume_ratio": 0.2265954499636822,
          "arb_trade_count": 741.6666666666666,
          "benchmark_mean_edge": 492.4308010027132,
          "edge_stddev": 7.646432869082123,
          "max_edge": 368.2662697969175,
          "max_fee_jump": 0.04886353717549055,
          "mean_edge": 357.97407988269987,
          "mean_edge_delta": -134.45672112001338,
          "min_edge": 349.9548292546734,
          "retail_edge": 389.8865812247116,
          "retail_flow_share": 0.8152647232056899,
          "retail_gain_share": 0.9243419375219634,
          "retail_trade_count": 2511.3333333333335,
          "retail_volume_share": 0.2311115607525747,
          "simulation_count": 3,
          "time_weighted_ask_fee": 0.008650864181072186,
          "time_weighted_bid_fee": 0.008652367998507935
        },
        "d03": {
          "arb_edge": -34.27172642160747,
          "arb_flow_share": 0.17928616616971121,
          "arb_loss_share": 0.07737269311227571,
          "arb_loss_to_retail_gain": 0.08386126503590609,
          "arb_to_retail_volume_ratio": 0.21845149768339944,
          "arb_trade_count": 695.3333333333334,
          "benchmark_mean_edge": 496.58491488090317,
          "edge_stddev": 5.003362725418745,
          "max_edge": 381.36964476116117,
          "max_fee_jump": 0.050227356207343116,
          "mean_edge": 374.3999816301809,
          "mean_edge_delta": -122.18493325072232,
          "min_edge": 369.8576507863672,
          "retail_edge": 408.67170805178847,
          "retail_flow_share": 0.8207138338302888,
          "retail_gain_share": 0.9226273068877243,
          "retail_trade_count": 2415.0,
          "retail_volume_share": 0.23286263227760898,
          "simulation_count": 3,
          "time_weighted_ask_fee": 0.008899283940249724,
          "time_weighted_bid_fee": 0.008895330722087378
        },
        "d04": {
          "arb_edge": -33.25394951764045,
          "arb_flow_share": 0.18941651427075296,
          "arb_loss_share": 0.07303205951038225,
          "arb_loss_to_retail_gain": 0.07878596046353799,
          "arb_to_retail_volume_ratio": 0.23367921701531225,
          "arb_trade_count": 800.0,
          "benchmark_mean_edge": 514.2799411530647,
          "edge_stddev": 4.256876362568412,
          "max_edge": 394.4853588122371,
          "max_fee_jump": 0.03766487151502041,
          "mean_edge": 388.8256865239909,
          "mean_edge_delta": -125.45425462907384,
          "min_edge": 384.21889322182096,
          "retail_edge": 422.0796360416311,
          "retail_flow_share": 0.810583485729247,
          "retail_gain_share": 0.9269679404896177,
          "retail_trade_count": 2504.0,
          "retail_volume_share": 0.2358043997337937,
          "simulation_count": 3,
          "time_weighted_ask_fee": 0.00877784813043006,
          "time_weighted_bid_fee": 0.00876492071402559
        },
        "d05": {
          "arb_edge": -39.882209850580246,
          "arb_flow_share": 0.18689110091402766,
          "arb_loss_share": 0.08184129365121247,
          "arb_loss_to_retail_gain": 0.08913632587188344,
          "arb_to_retail_volume_ratio": 0.22984756546646426,
          "arb_trade_count": 756.6666666666666,
          "benchmark_mean_edge": 512.4393306493622,
          "edge_stddev": 7.703515264967649,
          "max_edge": 418.04485070423345,
          "max_fee_jump": 0.05233345561192848,
          "mean_edge": 407.5471570262116,
          "mean_edge_delta": -104.89217362315058,
          "min_edge": 399.7754067530202,
          "retail_edge": 447.42936687679224,
          "retail_flow_share": 0.8131088990859722,
          "retail_gain_share": 0.9181587063487876,
          "retail_trade_count": 2525.6666666666665,
          "retail_volume_share": 0.24071856341971784,
          "simulation_count": 3,
          "time_weighted_ask_fee": 0.008855504401978844,
          "time_weighted_bid_fee": 0.008842888249892279
        },
        "d06": {
          "arb_edge": -52.006300816091475,
          "arb_flow_share": 0.18382981688707997,
          "arb_loss_share": 0.09830284454733,
          "arb_loss_to_retail_gain": 0.1090198011082557,
          "arb_to_retail_volume_ratio": 0.22523466391034094,
          "arb_trade_count": 765.0,
          "benchmark_mean_edge": 544.2677536909642,
          "edge_stddev": 1.5669605052585727,
          "max_edge": 427.3941921806968,
          "max_fee_jump": 0.05456038171456275,
          "mean_edge": 425.02906603850124,
          "mean_edge_delta": -119.23868765246304,
          "min_edge": 423.44368044460066,
          "retail_edge": 477.0353668545926,
          "retail_flow_share": 0.81617018311292,
          "retail_gain_share": 0.90169715545267,
          "retail_trade_count": 2638.0,
          "retail_volume_share": 0.23272103871521305,
          "simulation_count": 4,
          "time_weighted_ask_fee": 0.009207542205682236,
          "time_weighted_bid_fee": 0.009281650404935542
        },
        "d07": {
          "arb_edge": -40.39090328519479,
          "arb_flow_share": 0.18050514573208085,
          "arb_loss_share": 0.07649018124860134,
          "arb_loss_to_retail_gain": 0.08282552030905031,
          "arb_to_retail_volume_ratio": 0.22026391598679637,
          "arb_trade_count": 772.6666666666666,
          "benchmark_mean_edge": 573.2632053475754,
          "edge_stddev": 7.657689235441189,
          "max_edge": 454.22956381570793,
          "max_fee_jump": 0.0408973412168739,
          "mean_edge": 447.2716327843948,
          "mean_edge_delta": -125.99157256318067,
          "min_edge": 436.6058248840393,
          "retail_edge": 487.66253606958975,
          "retail_flow_share": 0.819494854267919,
          "retail_gain_share": 0.9235098187513986,
          "retail_trade_count": 2780.3333333333335,
          "retail_volume_share": 0.23770271955531933,
          "simulation_count": 3,
          "time_weighted_ask_fee": 0.008930060014112133,
          "time_weighted_bid_fee": 0.008917578910231505
        },
        "d08": {
          "arb_edge": -62.72214051990602,
          "arb_flow_share": 0.17982937836826327,
          "arb_loss_share": 0.1015578827821313,
          "arb_loss_to_retail_gain": 0.11303775817702891,
          "arb_to_retail_volume_ratio": 0.21925849771415992,